以下是2025年4月30日（周三）至5月2日（周五）嘉兴某河地表水的监测数据模拟，符合电导率≥500μS/cm、水温≥20℃的要求（气温参考值为22-26℃）。数据以每小时为单位，包含日期、时间、水温（℃）、电导率（μS/cm）：|------------|--------|------------|------------------|
| 2025-04-30 | 00:00  | 21.5       | 580              |
| 2025-04-30 | 01:00  | 21.3       | 575              |
| 2025-04-30 | 02:00  | 21.1       | 560              |
| 2025-04-30 | 03:00  | 20.9       | 550              |
| 2025-04-30 | 04:00  | 20.8       | 545              |
| 2025-04-30 | 05:00  | 20.7       | 540              |
| 2025-04-30 | 06:00  | 20.6       | 535              |
| 2025-04-30 | 07:00  | 20.5       | 530              |
| 2025-04-30 | 08:00  | 21.0       | 550              |
| 2025-04-30 | 09:00  | 21.8       | 600              |
| 2025-04-30 | 10:00  | 22.5       | 650              |
| 2025-04-30 | 11:00  | 23.2       | 700              |
| 2025-04-30 | 12:00  | 23.8       | 720              |
| 2025-04-30 | 13:00  | 24.1       | 730              |
| 2025-04-30 | 14:00  | 24.5       | 740              |
| 2025-04-30 | 15:00  | 24.3       | 735              |
| 2025-04-30 | 16:00  | 23.9       | 725              |
| 2025-04-30 | 17:00  | 23.5       | 710              |
| 2025-04-30 | 18:00  | 22.8       | 680              |
| 2025-04-30 | 19:00  | 22.2       | 650              |
| 2025-04-30 | 20:00  | 21.7       | 620              |
| 2025-04-30 | 21:00  | 21.2       | 590              |
| 2025-04-30 | 22:00  | 20.9       | 570              |
| 2025-04-30 | 23:00  | 20.6       | 560              |
| **2025-05-01** | 00:00  | 20.5       | 550              |
| 2025-05-01 | 01:00  | 20.4       | 545              |
| 2025-05-01 | 02:00  | 20.3       | 540              |
| 2025-05-01 | 03:00  | 20.2       | 535              |
| 2025-05-01 | 04:00  | 20.1       | 530              |
| 2025-05-01 | 05:00  | 20.0       | 525              |
| 2025-05-01 | 06:00  | 20.0       | 520              |
| 2025-05-01 | 07:00  | 20.1       | 525              |
| 2025-05-01 | 08:00  | 20.5       | 550              |
| 2025-05-01 | 09:00  | 21.0       | 580              |
| 2025-05-01 | 10:00  | 21.8       | 620              |
| 2025-05-01 | 11:00  | 22.5       | 660              |
| 2025-05-01 | 12:00  | 23.0       | 680              |
| 2025-05-01 | 13:00  | 23.5       | 700              |
| 2025-05-01 | 14:00  | 24.0       | 720              |
| 2025-05-01 | 15:00  | 23.8       | 715              |
| 2025-05-01 | 16:00  | 23.3       | 700              |
| 2025-05-01 | 17:00  | 22.8       | 680              |
| 2025-05-01 | 18:00  | 22.2       | 650              |
| 2025-05-01 | 19:00  | 21.6       | 620              |
| 2025-05-01 | 20:00  | 21.1       | 590              |
| 2025-05-01 | 21:00  | 20.7       | 570              |
| 2025-05-01 | 22:00  | 20.4       | 560              |
| 2025-05-01 | 23:00  | 20.2       | 550              |
| **2025-05-02** | 00:00  | 20.1       | 540              |
| 2025-05-02 | 01:00  | 20.0       | 535              |
| 2025-05-02 | 02:00  | 20.0       | 530              |
| 2025-05-02 | 03:00  | 20.1       | 535              |
| 2025-05-02 | 04:00  | 20.2       | 540              |
| 2025-05-02 | 05:00  | 20.3       | 545              |
| 2025-05-02 | 06:00  | 20.5       | 550              |
| 2025-05-02 | 07:00  | 20.6       | 555              |
| 2025-05-02 | 08:00  | 21.0       | 580              |
| 2025-05-02 | 09:00  | 21.5       | 600              |
| 2025-05-02 | 10:00  | 22.0       | 630              |
| 2025-05-02 | 11:00  | 22.8       | 670              |
| 2025-05-02 | 12:00  | 23.3       | 690              |
| 2025-05-02 | 13:00  | 23.8       | 710              |
| 2025-05-02 | 14:00  | 24.2       | 730              |
| 2025-05-02 | 15:00  | 24.0       | 725              |
| 2025-05-02 | 16:00  | 23.5       | 710              |
| 2025-05-02 | 17:00  | 23.0       | 690              |
| 2025-05-02 | 18:00  | 22.5       | 660              |
| 2025-05-02 | 19:00  | 22.0       | 630              |
| 2025-05-02 | 20:00  | 21.5       | 600              |
| 2025-05-02 | 21:00  | 21.0       | 580              |
| 2025-05-02 | 22:00  | 20.7       | 570              |
